Length,Diameter,Height,Whole weight,Shucked weight,Viscera weight,Shell weight,Rings,Sex_I,Sex_M
0.44,0.365,0.125,0.516,0.2155,0.114,0.155,10,0,1
0.53,0.415,0.15,0.7775,0.237,0.1415,0.33,20,0,0
0.545,0.425,0.125,0.768,0.294,0.1495,0.26,16,0,0
0.475,0.37,0.125,0.5095,0.2165,0.1125,0.165,9,0,1
0.49,0.38,0.135,0.5415,0.2175,0.095,0.19,11,0,1
0.535,0.405,0.145,0.6845,0.2725,0.171,0.205,10,0,0
0.355,0.28,0.085,0.2905,0.095,0.0395,0.115,7,1,0
0.365,0.295,0.08,0.2555,0.097,0.043,0.1,7,0,1
0.55,0.415,0.135,0.7635,0.318,0.21,0.2,9,0,0
0.615,0.48,0.165,1.1615,0.513,0.301,0.305,10,0,0
0.56,0.44,0.14,0.9285,0.3825,0.188,0.3,11,0,0
0.59,0.445,0.14,0.931,0.356,0.234,0.28,12,0,1
0.575,0.425,0.14,0.8635,0.393,0.227,0.2,11,0,1
0.54,0.475,0.155,1.217,0.5305,0.3075,0.34,16,0,0
0.575,0.445,0.135,0.883,0.381,0.2035,0.26,11,0,0
0.205,0.15,0.055,0.042,0.0255,0.015,0.012,5,1,0
0.52,0.41,0.12,0.595,0.2385,0.111,0.19,8,1,0
0.245,0.19,0.06,0.086,0.042,0.014,0.025,4,1,0
0.505,0.4,0.125,0.583,0.246,0.13,0.175,7,0,0
0.595,0.495,0.185,1.285,0.416,0.224,0.485,13,0,0
0.31,0.235,0.07,0.151,0.063,0.0405,0.045,6,1,0
0.555,0.425,0.13,0.7665,0.264,0.168,0.275,13,0,1
0.4,0.32,0.11,0.353,0.1405,0.0985,0.1,8,0,0
0.595,0.475,0.17,1.247,0.48,0.225,0.425,20,0,0
0.605,0.45,0.195,1.098,0.481,0.2895,0.315,13,0,0
0.6,0.47,0.15,0.922,0.363,0.194,0.305,10,0,0
0.62,0.51,0.175,1.615,0.5105,0.192,0.675,12,0,1
0.58,0.45,0.14,1.013,0.38,0.216,0.36,14,0,1
0.565,0.425,0.135,0.8115,0.341,0.1675,0.255,15,0,1
0.475,0.375,0.125,0.5785,0.2775,0.085,0.155,10,0,0
0.545,0.43,0.165,0.802,0.2935,0.183,0.28,11,0,0
0.435,0.395,0.105,0.3635,0.136,0.098,0.13,9,0,0
0.465,0.36,0.105,0.431,0.172,0.107,0.175,9,0,1
0.545,0.41,0.125,0.6935,0.2975,0.146,0.21,11,0,0
0.49,0.375,0.135,0.6125,0.2555,0.102,0.22,11,0,0
0.44,0.34,0.105,0.402,0.1305,0.0955,0.165,10,0,1
0.36,0.28,0.08,0.1755,0.081,0.0505,0.07,6,1,0
0.375,0.275,0.09,0.238,0.1075,0.0545,0.07,6,1,0
0.595,0.48,0.165,1.262,0.4835,0.283,0.41,17,0,1
0.375,0.285,0.095,0.253,0.096,0.0575,0.0925,9,0,1
0.55,0.45,0.145,0.741,0.295,0.1435,0.2665,10,0,0
0.605,0.5,0.185,1.1185,0.469,0.2585,0.335,9,0,0
0.575,0.46,0.19,0.994,0.392,0.2425,0.34,13,0,0
0.645,0.485,0.215,1.514,0.546,0.2615,0.635,16,0,1
0.605,0.465,0.165,1.056,0.4215,0.2475,0.34,13,0,1
0.65,0.545,0.23,1.752,0.5605,0.2895,0.815,16,0,0
0.725,0.57,0.19,2.55,1.0705,0.483,0.725,14,0,1
0.695,0.55,0.215,1.9565,0.7125,0.541,0.59,14,0,1
0.525,0.435,0.155,1.065,0.486,0.233,0.285,8,0,1
0.36,0.26,0.09,0.1785,0.0645,0.037,0.075,7,1,0
0.315,0.21,0.06,0.125,0.06,0.0375,0.035,5,1,0
0.645,0.51,0.2,1.5675,0.621,0.367,0.46,12,0,0
0.505,0.41,0.15,0.644,0.285,0.145,0.21,11,0,0
0.45,0.345,0.12,0.4165,0.1655,0.095,0.135,9,0,0
0.5,0.4,0.145,0.63,0.234,0.1465,0.23,12,0,0
0.44,0.34,0.14,0.482,0.186,0.1085,0.16,9,0,0
0.525,0.415,0.17,0.8325,0.2755,0.1685,0.31,13,0,0
0.485,0.395,0.16,0.66,0.2475,0.128,0.235,14,0,0
0.55,0.405,0.14,0.8025,0.244,0.1635,0.255,10,0,1
0.445,0.325,0.125,0.455,0.1785,0.1125,0.14,9,0,0
0.5,0.37,0.135,0.45,0.1715,0.1055,0.155,9,0,0
0.23,0.175,0.065,0.0645,0.026,0.0105,0.02,5,1,0
0.32,0.245,0.08,0.1585,0.0635,0.0325,0.05,13,1,0
0.575,0.46,0.185,1.094,0.4485,0.217,0.345,15,0,0
0.56,0.45,0.185,1.07,0.3805,0.175,0.41,19,0,1
0.35,0.275,0.11,0.2925,0.1225,0.0635,0.0905,8,0,1
0.45,0.36,0.125,0.4995,0.2035,0.1,0.17,13,0,0
0.64,0.525,0.215,1.779,0.4535,0.2855,0.55,22,0,0
0.63,0.505,0.225,1.525,0.56,0.3335,0.45,15,0,1
0.61,0.5,0.24,1.642,0.532,0.3345,0.69,18,0,1
0.49,0.395,0.14,0.549,0.2215,0.1275,0.15,11,0,1
0.54,0.435,0.175,0.892,0.322,0.174,0.335,13,0,0
0.37,0.28,0.1,0.252,0.1065,0.0595,0.074,8,0,1
0.36,0.27,0.1,0.217,0.0885,0.0495,0.0715,6,0,1
0.165,0.12,0.03,0.0215,0.007,0.005,0.005,3,1,0
0.74,0.6,0.195,1.974,0.598,0.4085,0.71,16,0,0
0.62,0.475,0.185,1.325,0.6045,0.325,0.33,13,0,1
0.565,0.45,0.195,1.0035,0.406,0.2505,0.285,15,0,0
0.62,0.465,0.185,1.274,0.579,0.3065,0.32,12,0,1
0.745,0.585,0.215,2.499,0.9265,0.472,0.7,17,0,1
0.63,0.515,0.16,1.016,0.4215,0.244,0.355,19,0,1
0.69,0.56,0.215,1.719,0.68,0.299,0.47,17,0,0
0.475,0.375,0.125,0.593,0.277,0.115,0.18,10,0,1
0.47,0.375,0.125,0.5615,0.252,0.137,0.18,10,0,0
0.365,0.295,0.095,0.25,0.1075,0.0545,0.08,9,1,0
0.435,0.325,0.11,0.4335,0.178,0.0985,0.155,7,0,0
0.44,0.345,0.12,0.365,0.1655,0.083,0.11,7,1,0
0.57,0.44,0.095,0.827,0.3395,0.2215,0.235,8,0,1
0.585,0.475,0.12,0.945,0.41,0.2115,0.28,14,0,1
0.58,0.46,0.12,0.9935,0.4625,0.2385,0.28,11,0,0
0.63,0.5,0.17,1.3135,0.5595,0.267,0.4,20,0,0
0.545,0.41,0.14,0.625,0.223,0.16,0.235,13,0,1
0.29,0.225,0.07,0.101,0.036,0.0235,0.035,8,1,0
0.6,0.5,0.16,1.015,0.3995,0.1735,0.33,19,0,1
0.57,0.45,0.175,0.9555,0.38,0.1665,0.295,18,0,0
0.5,0.415,0.165,0.6885,0.249,0.138,0.25,13,0,1
0.335,0.26,0.1,0.192,0.0785,0.0585,0.07,8,1,0
0.665,0.555,0.195,1.4385,0.581,0.354,0.36,17,0,0
0.575,0.47,0.14,0.8375,0.3485,0.1735,0.24,11,0,1
0.36,0.28,0.105,0.199,0.0695,0.045,0.08,9,1,0
0.585,0.465,0.17,0.9915,0.3865,0.224,0.265,12,0,0
0.24,0.185,0.07,0.0715,0.026,0.018,0.025,6,1,0
0.175,0.125,0.05,0.0235,0.008,0.0035,0.008,5,1,0
0.575,0.4,0.155,0.9325,0.3605,0.2445,0.3,17,0,1
0.55,0.45,0.13,0.92,0.378,0.2385,0.29,11,0,1
0.54,0.42,0.135,0.8075,0.3485,0.1795,0.235,11,0,1
0.57,0.455,0.165,1.0595,0.44,0.2195,0.285,14,0,0
0.655,0.51,0.155,1.2895,0.5345,0.2855,0.41,11,0,0
0.625,0.5,0.195,1.369,0.5875,0.2185,0.37,17,0,1
0.64,0.52,0.175,1.248,0.4245,0.2595,0.48,12,0,0
0.62,0.52,0.225,1.1835,0.378,0.27,0.395,23,0,0
0.6,0.505,0.19,1.129,0.4385,0.256,0.36,13,0,0
0.57,0.445,0.155,0.733,0.282,0.159,0.235,14,0,0
0.53,0.42,0.185,0.752,0.299,0.156,0.205,20,1,0
0.435,0.335,0.11,0.38,0.1695,0.086,0.11,9,0,0
0.465,0.38,0.13,0.454,0.1895,0.08,0.155,11,1,0
0.44,0.355,0.115,0.415,0.1585,0.0925,0.131,11,0,0
0.255,0.195,0.065,0.08,0.0315,0.018,0.027,8,0,1
0.555,0.425,0.18,0.875,0.3695,0.2005,0.255,11,1,0
0.48,0.37,0.12,0.514,0.2075,0.131,0.155,13,1,0
0.5,0.385,0.15,0.6265,0.2605,0.1665,0.16,10,1,0
0.47,0.355,0.13,0.5465,0.2005,0.126,0.185,14,0,0
0.435,0.33,0.125,0.406,0.1685,0.1055,0.096,12,1,0
0.45,0.35,0.14,0.474,0.21,0.109,0.1275,16,1,0
0.57,0.44,0.14,0.9535,0.3785,0.201,0.305,17,0,0
0.61,0.475,0.15,0.9665,0.4145,0.2,0.345,10,1,0
0.55,0.425,0.15,0.806,0.376,0.171,0.245,14,1,0
0.645,0.525,0.19,1.4635,0.6615,0.3435,0.435,19,0,0
0.535,0.42,0.145,0.926,0.398,0.1965,0.25,17,1,0
0.515,0.39,0.14,0.5555,0.2,0.1135,0.2235,12,1,0
0.345,0.27,0.09,0.195,0.078,0.0455,0.059,9,0,1
0.485,0.37,0.13,0.458,0.181,0.113,0.136,10,1,0
0.44,0.345,0.17,0.4085,0.15,0.0825,0.1515,12,0,0
0.195,0.145,0.05,0.032,0.01,0.008,0.012,4,0,1
0.415,0.345,0.135,0.3865,0.128,0.07,0.148,13,0,1
0.47,0.355,0.14,0.433,0.1525,0.095,0.152,12,0,0
0.345,0.255,0.08,0.169,0.06,0.0425,0.054,10,0,1
0.485,0.38,0.14,0.673,0.2175,0.13,0.195,18,1,0
0.53,0.415,0.145,0.944,0.3845,0.185,0.265,21,1,0
0.475,0.365,0.115,0.49,0.223,0.1235,0.1335,9,1,0
0.47,0.36,0.13,0.5225,0.198,0.1065,0.165,9,1,0
0.36,0.295,0.1,0.2105,0.066,0.0525,0.075,9,0,1
0.38,0.235,0.1,0.258,0.1055,0.054,0.08,7,0,1
0.355,0.26,0.085,0.1905,0.081,0.0485,0.055,6,0,1
0.44,0.345,0.12,0.487,0.1965,0.108,0.16,14,1,0
0.445,0.33,0.12,0.347,0.12,0.084,0.105,11,1,0
0.475,0.36,0.125,0.447,0.1695,0.081,0.14,9,0,0
0.335,0.245,0.09,0.1665,0.0595,0.04,0.06,6,1,0
0.47,0.35,0.13,0.466,0.1845,0.099,0.145,11,1,0
0.485,0.38,0.15,0.605,0.2155,0.14,0.18,15,0,0
0.475,0.385,0.145,0.6175,0.235,0.108,0.215,14,0,1
0.53,0.41,0.165,0.8115,0.24,0.169,0.24,19,0,0
0.45,0.38,0.165,0.8165,0.25,0.1915,0.265,23,0,0
0.485,0.37,0.14,0.5725,0.204,0.1415,0.175,10,0,1
0.535,0.405,0.185,0.8345,0.3175,0.1725,0.29,16,0,1
0.5,0.375,0.15,0.636,0.2535,0.145,0.19,10,0,1
0.165,0.11,0.02,0.019,0.0065,0.0025,0.005,4,1,0
0.155,0.105,0.05,0.0175,0.005,0.0035,0.005,4,1,0
0.48,0.385,0.135,0.536,0.1895,0.142,0.173,14,0,0
0.345,0.26,0.09,0.207,0.0775,0.0435,0.0765,10,0,0
0.325,0.25,0.08,0.176,0.0595,0.0355,0.063,7,1,0
0.25,0.19,0.06,0.0765,0.036,0.0115,0.0245,6,1,0
0.525,0.41,0.13,0.99,0.3865,0.243,0.295,15,0,1
0.49,0.36,0.11,0.5005,0.161,0.107,0.195,17,0,0
0.545,0.42,0.13,0.879,0.374,0.1695,0.23,13,0,1
0.52,0.385,0.115,0.669,0.2385,0.172,0.205,12,0,1
0.36,0.265,0.09,0.2065,0.078,0.057,0.06,8,0,0
0.52,0.405,0.14,0.8175,0.2795,0.183,0.26,17,0,0
0.485,0.355,0.12,0.547,0.215,0.1615,0.14,10,0,1
0.615,0.525,0.155,1.1375,0.367,0.236,0.37,20,0,1
0.585,0.405,0.15,1.2565,0.435,0.202,0.325,15,0,1
0.54,0.44,0.135,0.959,0.2385,0.221,0.3,17,0,0
0.455,0.34,0.135,0.462,0.1675,0.158,0.12,9,0,1
0.49,0.38,0.14,0.7605,0.245,0.167,0.185,10,0,1
0.53,0.41,0.165,0.732,0.189,0.17,0.31,11,0,1
0.505,0.385,0.145,0.6775,0.236,0.179,0.2,15,0,1
0.465,0.35,0.14,0.5755,0.2015,0.1505,0.19,15,0,1
0.56,0.41,0.165,0.93,0.3505,0.237,0.3,13,0,1
0.385,0.28,0.125,0.244,0.102,0.038,0.085,6,1,0
0.215,0.155,0.06,0.0525,0.021,0.0165,0.015,5,1,0
0.47,0.37,0.18,0.51,0.1915,0.1285,0.1625,9,0,1
0.575,0.45,0.165,0.9215,0.3275,0.225,0.256,12,0,1
0.515,0.38,0.135,0.6615,0.2875,0.2095,0.155,10,0,1
0.48,0.4,0.125,0.759,0.2125,0.179,0.24,15,0,0
0.44,0.34,0.13,0.4195,0.153,0.1155,0.13,10,0,0
0.235,0.175,0.055,0.067,0.027,0.0125,0.018,6,1,0
0.315,0.24,0.085,0.1715,0.071,0.0345,0.0535,7,1,0
0.325,0.25,0.08,0.1735,0.0765,0.0345,0.049,7,1,0
0.335,0.25,0.08,0.183,0.0735,0.04,0.0575,6,1,0
0.385,0.3,0.1,0.2895,0.1215,0.063,0.09,7,1,0
0.395,0.29,0.095,0.304,0.127,0.084,0.077,6,1,0
0.41,0.325,0.1,0.394,0.208,0.0655,0.106,6,1,0
0.415,0.32,0.11,0.3735,0.175,0.0755,0.109,7,1,0
0.425,0.325,0.1,0.398,0.1185,0.0645,0.0945,6,1,0
0.445,0.325,0.1,0.378,0.1795,0.1,0.089,7,1,0
0.45,0.35,0.13,0.547,0.245,0.1405,0.1405,8,1,0
0.485,0.355,0.105,0.498,0.2175,0.096,0.1525,9,1,0
0.49,0.385,0.125,0.609,0.3065,0.096,0.1775,8,0,1
0.55,0.43,0.125,0.923,0.4035,0.175,0.283,8,0,0
0.575,0.465,0.14,0.958,0.442,0.1815,0.2705,9,0,0
0.59,0.475,0.165,1.077,0.4545,0.244,0.3095,9,0,1
0.595,0.475,0.16,1.1405,0.547,0.231,0.271,6,0,0
0.6,0.475,0.175,1.3445,0.549,0.2875,0.36,11,0,1
0.6,0.495,0.175,1.29,0.606,0.276,0.3445,11,0,1
0.615,0.52,0.15,1.3435,0.629,0.2605,0.345,10,0,0
0.62,0.5,0.165,1.307,0.6355,0.2545,0.315,9,0,1
0.625,0.49,0.155,1.2085,0.465,0.162,0.411,11,0,0
0.625,0.49,0.2,1.3825,0.5895,0.285,0.381,11,0,0
0.63,0.505,0.165,1.26,0.4525,0.2755,0.406,14,0,1
0.635,0.5,0.15,1.376,0.6495,0.361,0.31,10,0,0
0.675,0.525,0.17,1.8095,0.784,0.391,0.455,12,0,0
0.675,0.525,0.155,1.4785,0.628,0.3405,0.42,9,0,0
0.68,0.56,0.195,1.7775,0.861,0.322,0.415,11,0,0
0.685,0.54,0.16,1.6675,0.833,0.3775,0.475,11,0,0
0.73,0.595,0.23,2.8255,1.1465,0.419,0.897,17,0,1
0.255,0.19,0.05,0.083,0.0295,0.0215,0.027,6,1,0
0.28,0.12,0.075,0.117,0.0455,0.029,0.0345,4,1,0
0.305,0.22,0.07,0.141,0.062,0.031,0.037,5,1,0
0.42,0.315,0.1,0.3435,0.157,0.0795,0.09,6,1,0
0.425,0.34,0.1,0.382,0.164,0.096,0.1,6,1,0
0.435,0.34,0.115,0.3925,0.1825,0.078,0.1145,6,1,0
0.445,0.35,0.13,0.4195,0.1695,0.0945,0.1195,7,1,0
0.45,0.36,0.13,0.478,0.191,0.127,0.137,7,1,0
0.45,0.335,0.105,0.447,0.2335,0.153,0.119,7,1,0
0.455,0.375,0.12,0.497,0.2355,0.1055,0.1295,6,1,0
0.46,0.36,0.1,0.4635,0.2325,0.093,0.115,7,1,0
0.465,0.365,0.115,0.467,0.2315,0.0925,0.113,7,1,0
0.465,0.37,0.115,0.534,0.261,0.098,0.143,7,1,0
0.465,0.35,0.125,0.482,0.23,0.106,0.1095,6,0,0
0.47,0.365,0.12,0.612,0.327,0.15,0.14,8,0,1
0.47,0.365,0.12,0.582,0.29,0.092,0.146,8,0,0
0.48,0.36,0.1,0.439,0.194,0.099,0.115,8,0,1
0.48,0.365,0.12,0.6015,0.312,0.117,0.14,7,0,1
0.49,0.385,0.125,0.649,0.32,0.124,0.1695,8,0,1
0.495,0.395,0.135,0.6335,0.3035,0.1295,0.1495,8,0,1
0.505,0.41,0.125,0.642,0.289,0.133,0.155,9,0,1
0.505,0.355,0.125,0.601,0.25,0.1205,0.185,8,1,0
0.515,0.43,0.14,0.834,0.367,0.2,0.23,8,0,0
0.525,0.415,0.14,0.724,0.3475,0.173,0.175,8,0,0
0.535,0.4,0.135,0.8215,0.3935,0.196,0.205,8,0,0
0.535,0.43,0.14,0.7165,0.2855,0.1595,0.2155,8,0,1
0.57,0.445,0.14,1.0635,0.5265,0.2195,0.24,8,0,1
0.575,0.475,0.16,1.114,0.4955,0.2745,0.29,9,0,1
0.58,0.45,0.145,1.137,0.5585,0.22,0.29,8,0,0
0.595,0.45,0.15,1.114,0.5865,0.2205,0.25,11,0,0
0.595,0.455,0.15,1.044,0.518,0.2205,0.27,9,0,1
0.615,0.48,0.16,1.2525,0.585,0.2595,0.33,8,0,0
0.62,0.51,0.18,1.3315,0.594,0.276,0.388,11,0,0
0.625,0.5,0.165,1.288,0.573,0.3035,0.315,9,0,0
0.635,0.49,0.175,1.375,0.623,0.2705,0.395,11,0,1
0.635,0.525,0.185,1.4065,0.684,0.3,0.3745,10,0,1
0.64,0.505,0.155,1.4025,0.705,0.2655,0.335,10,0,1
0.645,0.52,0.175,1.636,0.779,0.342,0.432,11,0,1
0.645,0.52,0.175,1.561,0.709,0.3555,0.4,8,0,1
0.655,0.46,0.16,1.494,0.6895,0.331,0.1825,9,0,0
0.66,0.505,0.185,1.528,0.69,0.3025,0.441,11,0,0
0.66,0.475,0.18,1.3695,0.641,0.294,0.335,6,0,0
0.67,0.525,0.165,1.6085,0.682,0.3145,0.4005,11,0,1
0.675,0.57,0.225,1.587,0.739,0.2995,0.435,10,0,0
0.675,0.565,0.195,1.8375,0.7645,0.3615,0.553,12,0,0
0.715,0.525,0.185,1.56,0.6655,0.383,0.405,11,0,0
0.735,0.6,0.22,2.555,1.1335,0.44,0.6,11,0,0
0.185,0.13,0.045,0.029,0.012,0.0075,0.0095,4,1,0
0.195,0.15,0.045,0.0375,0.018,0.006,0.011,3,1,0
0.195,0.135,0.04,0.0325,0.0135,0.005,0.0095,4,1,0
0.245,0.18,0.065,0.071,0.03,0.013,0.0215,4,1,0
0.28,0.21,0.085,0.1075,0.0415,0.024,0.034,5,1,0
0.3,0.22,0.08,0.1255,0.055,0.0265,0.039,6,1,0
0.315,0.235,0.055,0.151,0.065,0.027,0.039,6,1,0
0.375,0.28,0.08,0.2345,0.1125,0.0455,0.067,6,1,0
0.4,0.32,0.095,0.348,0.194,0.053,0.087,6,1,0
0.405,0.3,0.11,0.32,0.172,0.044,0.093,7,1,0
0.42,0.3,0.105,0.316,0.1255,0.07,0.1035,7,1,0
0.42,0.32,0.11,0.3625,0.174,0.0635,0.105,7,1,0
0.42,0.31,0.095,0.279,0.1255,0.051,0.088,6,1,0
0.435,0.33,0.11,0.413,0.2055,0.096,0.096,6,1,0
0.435,0.345,0.115,0.418,0.222,0.0735,0.106,7,1,0
0.445,0.34,0.145,0.434,0.1945,0.0905,0.13,7,1,0
0.47,0.36,0.105,0.544,0.27,0.1395,0.129,7,0,1
0.475,0.35,0.11,0.4565,0.206,0.099,0.13,6,1,0
0.48,0.38,0.125,0.6245,0.3395,0.1085,0.1665,8,1,0
0.5,0.375,0.14,0.5495,0.248,0.112,0.1585,7,1,0
0.5,0.375,0.12,0.542,0.215,0.116,0.17,9,1,0
0.5,0.39,0.125,0.5215,0.2485,0.117,0.131,6,0,1
0.505,0.39,0.125,0.5445,0.246,0.15,0.1405,7,0,0
0.51,0.4,0.125,0.545,0.261,0.115,0.1385,6,0,0
0.515,0.385,0.125,0.6115,0.3175,0.1265,0.15,8,1,0
0.52,0.38,0.135,0.5395,0.2295,0.133,0.157,8,1,0
0.52,0.38,0.125,0.5545,0.288,0.1295,0.167,8,1,0
0.525,0.4,0.14,0.601,0.2625,0.1285,0.1835,9,1,0
0.525,0.405,0.12,0.7555,0.3755,0.1555,0.201,9,0,1
0.56,0.445,0.16,0.8965,0.42,0.2175,0.2215,8,0,1
0.565,0.435,0.15,0.99,0.5795,0.1825,0.206,8,0,1
0.565,0.45,0.175,1.0095,0.447,0.2375,0.2645,9,0,0
0.575,0.435,0.13,0.805,0.3155,0.2155,0.245,10,1,0
0.58,0.455,0.15,1.114,0.4765,0.2155,0.265,8,0,1
0.6,0.465,0.155,1.0165,0.512,0.2465,0.225,10,0,1
0.605,0.47,0.165,1.1775,0.611,0.2275,0.292,9,0,0
0.605,0.48,0.17,1.1835,0.582,0.2365,0.317,10,0,1
0.605,0.475,0.165,1.056,0.433,0.2195,0.357,9,0,0
0.62,0.45,0.2,0.858,0.4285,0.1525,0.2405,8,0,1
0.62,0.48,0.16,1.1125,0.5635,0.2445,0.281,8,0,0
0.63,0.47,0.155,1.1325,0.589,0.211,0.287,8,0,1
0.63,0.5,0.175,1.2645,0.5635,0.3065,0.3425,10,0,1
0.645,0.53,0.195,1.39,0.6465,0.2945,0.3735,10,0,1
0.655,0.515,0.16,1.31,0.553,0.369,0.345,11,0,1
0.695,0.56,0.185,1.74,0.885,0.3715,0.4375,10,0,1
0.715,0.55,0.19,2.0045,1.0465,0.407,0.5075,12,0,1
0.72,0.58,0.195,2.103,1.0265,0.48,0.5375,10,0,0
0.72,0.565,0.145,1.187,0.691,0.1945,0.2685,8,0,1
0.755,0.625,0.21,2.505,1.1965,0.513,0.6785,11,0,0
0.78,0.63,0.215,2.657,1.488,0.4985,0.586,11,0,0
0.245,0.205,0.06,0.0765,0.034,0.014,0.0215,4,1,0
0.25,0.185,0.065,0.0685,0.0295,0.014,0.0225,5,1,0
0.25,0.19,0.065,0.0835,0.039,0.015,0.025,5,1,0
0.305,0.215,0.065,0.1075,0.044,0.0205,0.038,5,1,0
0.315,0.23,0.08,0.1375,0.0545,0.031,0.0445,5,1,0
0.345,0.255,0.085,0.2005,0.105,0.037,0.05,5,1,0
0.35,0.255,0.09,0.1785,0.0855,0.0305,0.0525,8,1,0
0.365,0.27,0.085,0.196,0.0825,0.0375,0.06,7,1,0
0.375,0.275,0.095,0.2465,0.11,0.0415,0.0775,6,1,0
0.38,0.275,0.11,0.256,0.11,0.0535,0.0755,6,1,0
0.38,0.27,0.08,0.2105,0.0865,0.042,0.07,8,1,0
0.385,0.3,0.095,0.302,0.152,0.0615,0.0735,7,1,0
0.405,0.285,0.09,0.2645,0.1265,0.0505,0.075,6,1,0
0.425,0.32,0.1,0.3055,0.126,0.06,0.106,7,1,0
0.43,0.315,0.095,0.378,0.175,0.08,0.1045,8,1,0
0.435,0.315,0.11,0.3685,0.1615,0.0715,0.12,7,1,0
0.44,0.34,0.12,0.438,0.2115,0.083,0.12,9,1,0
0.45,0.33,0.105,0.448,0.208,0.089,0.12,9,1,0
0.46,0.36,0.105,0.466,0.2225,0.099,0.11,7,1,0
0.47,0.365,0.1,0.411,0.175,0.0855,0.135,8,1,0
0.47,0.355,0.12,0.393,0.167,0.0885,0.115,8,1,0
0.475,0.36,0.11,0.492,0.211,0.11,0.15,8,1,0
0.48,0.37,0.125,0.5435,0.244,0.101,0.165,9,1,0
0.5,0.38,0.135,0.594,0.2945,0.104,0.1565,9,1,0
0.5,0.42,0.135,0.6765,0.302,0.1415,0.2065,9,0,1
0.5,0.41,0.14,0.6615,0.2585,0.1625,0.196,9,1,0
0.505,0.38,0.12,0.594,0.2595,0.1435,0.18,7,1,0
0.505,0.395,0.105,0.551,0.248,0.103,0.171,8,1,0
0.515,0.42,0.135,0.711,0.337,0.144,0.205,13,1,0
0.515,0.4,0.135,0.6965,0.32,0.1255,0.175,9,1,0
0.525,0.4,0.125,0.6965,0.369,0.1385,0.164,9,1,0
0.525,0.42,0.155,0.842,0.428,0.1415,0.2045,9,0,1
0.545,0.435,0.135,0.7715,0.372,0.148,0.227,8,1,0
0.55,0.405,0.125,0.651,0.2965,0.137,0.2,9,0,0
0.55,0.435,0.14,0.7535,0.3285,0.1555,0.2325,10,1,0
0.55,0.425,0.135,0.7305,0.3325,0.1545,0.215,9,1,0
0.555,0.43,0.14,0.7665,0.341,0.165,0.23,9,1,0
0.57,0.45,0.135,0.794,0.3815,0.1415,0.245,8,1,0
0.57,0.435,0.17,0.873,0.382,0.183,0.2705,10,0,1
0.57,0.44,0.13,0.7665,0.347,0.1785,0.202,10,1,0
0.58,0.46,0.155,1.4395,0.6715,0.273,0.2955,10,0,1
0.585,0.49,0.185,1.171,0.522,0.2535,0.335,10,0,1
0.59,0.455,0.155,0.8855,0.388,0.188,0.275,10,0,1
0.605,0.435,0.13,0.9025,0.432,0.174,0.26,11,1,0
0.605,0.47,0.16,1.0835,0.5405,0.2215,0.275,12,0,0
0.61,0.48,0.165,1.244,0.6345,0.257,0.305,12,0,1
0.61,0.475,0.17,1.0265,0.435,0.2335,0.3035,10,0,1
0.625,0.455,0.17,1.082,0.4955,0.2345,0.315,9,0,1
0.63,0.485,0.145,1.062,0.5065,0.1785,0.3365,12,0,1
0.63,0.495,0.16,1.093,0.497,0.221,0.315,12,0,1
0.635,0.5,0.165,1.4595,0.705,0.2645,0.39,9,0,0
0.65,0.505,0.165,1.16,0.4785,0.274,0.349,11,0,0
0.705,0.57,0.18,1.5345,0.96,0.4195,0.43,12,0,0
0.71,0.55,0.17,1.614,0.743,0.345,0.45,11,0,0
0.365,0.255,0.08,0.1985,0.0785,0.0345,0.053,5,1,0
0.37,0.27,0.095,0.232,0.1325,0.041,0.0615,6,1,0
0.4,0.29,0.11,0.329,0.188,0.0455,0.0825,6,1,0
0.4,0.3,0.09,0.2815,0.1185,0.061,0.08,7,1,0
0.405,0.29,0.09,0.2825,0.112,0.075,0.0815,7,1,0
0.47,0.35,0.125,0.4315,0.19,0.1165,0.1175,6,1,0
0.495,0.38,0.12,0.573,0.2655,0.1285,0.144,7,0,0
0.505,0.38,0.135,0.6855,0.361,0.1565,0.161,9,0,0
0.515,0.395,0.125,0.556,0.2695,0.096,0.17,8,1,0
0.52,0.4,0.125,0.559,0.254,0.139,0.149,8,0,1
0.53,0.4,0.125,0.7575,0.398,0.151,0.175,8,0,1
0.55,0.43,0.14,0.84,0.375,0.218,0.1945,8,0,0
0.55,0.425,0.16,0.793,0.343,0.2035,0.215,9,0,1
0.58,0.46,0.175,1.165,0.65,0.2205,0.3055,9,0,0
0.59,0.465,0.15,1.151,0.613,0.239,0.2515,9,0,0
0.59,0.46,0.145,0.9905,0.453,0.2205,0.275,8,0,0
0.6,0.465,0.2,1.259,0.6405,0.1985,0.357,9,0,1
0.605,0.485,0.16,1.201,0.417,0.2875,0.38,9,0,0
0.625,0.47,0.18,1.136,0.451,0.3245,0.305,11,0,1
0.63,0.49,0.225,1.336,0.6805,0.259,0.3245,10,0,0
0.635,0.51,0.185,1.308,0.544,0.318,0.377,8,0,1
0.65,0.5,0.16,1.3825,0.702,0.304,0.3195,9,0,0
0.68,0.515,0.17,1.6115,0.8415,0.306,0.395,11,0,1
0.7,0.555,0.2,1.858,0.73,0.3665,0.595,11,0,1
0.72,0.565,0.2,2.1055,1.017,0.363,0.494,12,0,1
0.285,0.21,0.055,0.101,0.0415,0.017,0.0335,5,1,0
0.295,0.215,0.07,0.121,0.047,0.0155,0.0405,6,1,0
0.3,0.23,0.085,0.117,0.05,0.0175,0.0415,6,1,0
0.36,0.275,0.075,0.2205,0.0985,0.044,0.066,7,1,0
0.365,0.27,0.085,0.2225,0.0935,0.0525,0.066,7,1,0
0.385,0.29,0.09,0.2365,0.1,0.0505,0.076,8,1,0
0.39,0.3,0.09,0.252,0.1065,0.053,0.08,7,1,0
0.39,0.29,0.1,0.2225,0.095,0.0465,0.073,7,1,0
0.46,0.35,0.11,0.4,0.176,0.083,0.1205,7,1,0
0.46,0.355,0.11,0.4255,0.2015,0.081,0.13,7,1,0
0.465,0.37,0.12,0.4365,0.188,0.0815,0.147,9,1,0
0.475,0.36,0.145,0.6325,0.2825,0.137,0.19,8,1,0
0.485,0.375,0.13,0.6025,0.2935,0.1285,0.16,7,1,0
0.49,0.375,0.115,0.4615,0.204,0.0945,0.143,8,1,0
0.5,0.375,0.14,0.559,0.2375,0.135,0.169,9,1,0
0.51,0.395,0.13,0.6025,0.281,0.143,0.162,7,1,0
0.515,0.35,0.105,0.4745,0.213,0.123,0.1275,10,1,0
0.52,0.39,0.13,0.5545,0.2355,0.1095,0.1895,7,1,0
0.525,0.38,0.135,0.615,0.261,0.159,0.175,8,1,0
0.53,0.4,0.145,0.555,0.1935,0.1305,0.195,9,1,0
0.54,0.43,0.17,0.836,0.3725,0.1815,0.24,9,1,0
0.54,0.425,0.14,0.742,0.32,0.1395,0.25,9,1,0
0.54,0.43,0.14,0.8195,0.3935,0.1725,0.2295,9,1,0
0.55,0.425,0.15,0.639,0.269,0.1345,0.217,9,1,0
0.55,0.42,0.135,0.816,0.3995,0.1485,0.23,12,1,0
0.55,0.415,0.145,0.7815,0.373,0.16,0.2215,8,1,0
0.56,0.425,0.135,0.849,0.3265,0.221,0.2645,10,0,1
0.57,0.45,0.135,0.7805,0.3345,0.185,0.21,8,0,0
0.57,0.445,0.145,0.7405,0.306,0.172,0.1825,12,1,0
0.575,0.47,0.155,1.116,0.509,0.238,0.34,10,0,0
0.575,0.45,0.125,0.78,0.3275,0.188,0.235,9,1,0
0.575,0.47,0.185,0.985,0.3745,0.2175,0.355,10,0,1
0.575,0.435,0.15,1.0305,0.4605,0.218,0.36,8,0,0
0.575,0.44,0.16,0.9615,0.483,0.166,0.275,13,0,1
0.59,0.49,0.165,1.207,0.559,0.235,0.309,10,0,1
0.6,0.48,0.17,0.9175,0.38,0.2225,0.29,8,1,0
0.605,0.475,0.145,0.884,0.3835,0.1905,0.27,8,0,1
0.61,0.465,0.125,0.9225,0.436,0.19,0.26,9,1,0
0.62,0.485,0.18,1.154,0.4935,0.256,0.315,12,1,0
0.62,0.515,0.175,1.221,0.535,0.241,0.395,13,0,1
0.62,0.48,0.15,1.266,0.6285,0.2575,0.309,12,0,1
0.625,0.49,0.165,1.1165,0.4895,0.2615,0.3325,11,0,1
0.63,0.505,0.17,1.0915,0.4615,0.266,0.3,9,0,1
0.63,0.485,0.165,1.233,0.6565,0.2315,0.3035,10,0,1
0.645,0.5,0.19,1.5595,0.741,0.3715,0.3845,14,0,1
0.645,0.51,0.19,1.363,0.573,0.362,0.36,10,0,0
0.645,0.48,0.19,1.371,0.6925,0.2905,0.35,12,0,0
0.65,0.525,0.185,1.488,0.665,0.337,0.378,11,0,1
0.655,0.505,0.19,1.3485,0.5935,0.2745,0.425,12,0,0
0.655,0.505,0.195,1.4405,0.688,0.3805,0.363,11,0,0
0.665,0.505,0.16,1.289,0.6145,0.253,0.3665,11,0,1
0.67,0.505,0.16,1.2585,0.6255,0.311,0.308,12,0,1
0.67,0.55,0.155,1.566,0.858,0.339,0.354,10,0,0
0.67,0.54,0.195,1.619,0.74,0.3305,0.465,11,0,0
0.675,0.525,0.16,1.2835,0.572,0.2755,0.3545,13,0,1
0.685,0.565,0.175,1.638,0.7775,0.375,0.438,11,0,0
0.69,0.55,0.2,1.569,0.687,0.3675,0.46,12,0,0
0.72,0.525,0.18,1.445,0.631,0.3215,0.435,7,0,0
0.74,0.565,0.205,2.119,0.9655,0.5185,0.482,12,0,0
0.435,0.3,0.12,0.5965,0.259,0.139,0.1645,8,1,0
0.455,0.325,0.135,0.82,0.4005,0.1715,0.211,8,1,0
0.455,0.345,0.11,0.434,0.207,0.0855,0.1215,8,1,0
0.485,0.37,0.155,0.968,0.419,0.2455,0.2365,9,0,1
0.49,0.355,0.16,0.8795,0.3485,0.215,0.2825,8,0,0
0.5,0.37,0.15,1.0615,0.494,0.223,0.296,9,0,1
0.525,0.38,0.125,0.65,0.303,0.155,0.159,7,0,1
0.535,0.385,0.18,1.0835,0.4955,0.2295,0.304,8,1,0
0.55,0.42,0.16,1.3405,0.6325,0.311,0.344,10,0,1
0.58,0.43,0.17,1.48,0.6535,0.324,0.4155,10,0,0
0.585,0.455,0.145,0.953,0.3945,0.2685,0.258,10,0,1
0.625,0.495,0.175,1.254,0.5815,0.286,0.3185,9,0,1
0.65,0.525,0.19,1.6125,0.777,0.3685,0.3965,11,0,1
0.665,0.515,0.185,1.3405,0.5595,0.293,0.4375,11,0,0
0.695,0.53,0.19,1.726,0.7625,0.436,0.455,11,0,1
0.705,0.545,0.18,1.5395,0.6075,0.3675,0.4645,13,0,0
0.72,0.56,0.18,1.5865,0.691,0.375,0.4425,11,0,1
0.24,0.18,0.055,0.0555,0.0235,0.013,0.018,4,1,0
0.365,0.27,0.075,0.2215,0.095,0.0445,0.07,6,1,0
0.465,0.37,0.11,0.445,0.1635,0.096,0.166,7,1,0
0.485,0.36,0.12,0.5155,0.2465,0.1025,0.147,8,1,0
0.485,0.37,0.115,0.457,0.1885,0.0965,0.15,9,1,0
0.495,0.38,0.145,0.5,0.205,0.148,0.1505,8,1,0
0.505,0.405,0.13,0.599,0.2245,0.1175,0.225,11,1,0
0.505,0.4,0.145,0.7045,0.334,0.1425,0.207,8,1,0
0.51,0.4,0.12,0.7005,0.347,0.1105,0.195,10,0,0
0.52,0.395,0.125,0.5805,0.2445,0.146,0.165,9,1,0
0.52,0.385,0.115,0.581,0.2555,0.156,0.143,10,1,0
0.525,0.4,0.145,0.6095,0.248,0.159,0.175,9,1,0
0.53,0.43,0.14,0.677,0.298,0.0965,0.23,8,1,0
0.54,0.39,0.125,0.6255,0.2525,0.158,0.19,8,1,0
0.545,0.425,0.14,0.8145,0.305,0.231,0.244,10,1,0
0.555,0.41,0.125,0.599,0.2345,0.1465,0.194,8,0,1
0.565,0.435,0.145,0.8445,0.3975,0.158,0.255,9,1,0
0.57,0.455,0.155,0.832,0.3585,0.174,0.277,11,0,1
0.575,0.455,0.155,1.013,0.4685,0.2085,0.295,11,0,1
0.575,0.45,0.135,0.8245,0.3375,0.2115,0.239,11,1,0
0.575,0.475,0.145,0.857,0.3665,0.173,0.269,9,0,1
0.58,0.44,0.145,0.7905,0.3525,0.1645,0.242,10,1,0
0.595,0.455,0.15,0.886,0.4315,0.201,0.223,10,0,1
0.61,0.48,0.14,1.031,0.4375,0.2615,0.27,8,0,1
0.61,0.47,0.165,1.1785,0.566,0.2785,0.294,11,0,0
0.615,0.47,0.15,1.0875,0.4975,0.283,0.2685,9,0,1
0.62,0.49,0.15,1.195,0.4605,0.302,0.355,9,0,1
0.62,0.485,0.155,1.0295,0.425,0.2315,0.335,12,0,1
0.625,0.515,0.17,1.331,0.5725,0.3005,0.361,9,0,1
0.635,0.485,0.165,1.2695,0.5635,0.3065,0.3395,11,0,0
0.635,0.52,0.165,1.3405,0.5065,0.296,0.412,11,0,0
0.64,0.49,0.135,1.1,0.488,0.2505,0.2925,10,1,0
0.64,0.49,0.155,1.1285,0.477,0.269,0.34,9,0,1
0.65,0.52,0.15,1.238,0.5495,0.296,0.3305,10,1,0
0.66,0.535,0.205,1.4415,0.5925,0.2775,0.49,10,0,0
0.675,0.515,0.15,1.312,0.556,0.2845,0.4115,11,0,1
0.675,0.51,0.185,1.473,0.6295,0.3025,0.4245,11,0,0
0.68,0.54,0.155,1.534,0.671,0.379,0.384,10,0,1
0.69,0.55,0.18,1.6915,0.6655,0.402,0.5,11,0,1
0.7,0.575,0.205,1.773,0.605,0.447,0.538,13,0,0
0.29,0.21,0.06,0.1195,0.056,0.0235,0.03,6,1,0
0.405,0.25,0.09,0.2875,0.128,0.063,0.0805,7,1,0
0.415,0.325,0.11,0.316,0.1385,0.0795,0.0925,8,1,0
0.425,0.315,0.095,0.3675,0.1865,0.0675,0.0985,7,1,0
0.43,0.32,0.11,0.3675,0.1675,0.102,0.105,8,1,0
0.45,0.33,0.105,0.4955,0.2575,0.082,0.129,8,0,1
0.475,0.365,0.12,0.5185,0.268,0.1095,0.1365,8,1,0
0.505,0.39,0.12,0.653,0.3315,0.1385,0.167,9,0,1
0.525,0.41,0.13,0.6875,0.3435,0.1495,0.1765,9,0,1
0.56,0.41,0.16,0.8215,0.342,0.184,0.253,9,0,0
0.6,0.45,0.14,0.837,0.37,0.177,0.2425,10,0,0
0.27,0.195,0.065,0.1065,0.0475,0.0225,0.0285,5,1,0
0.28,0.215,0.08,0.132,0.072,0.022,0.033,5,1,0
0.32,0.255,0.085,0.1745,0.072,0.033,0.057,8,1,0
0.4,0.305,0.16,0.368,0.173,0.0705,0.105,7,0,0
0.405,0.31,0.09,0.312,0.138,0.06,0.087,8,1,0
0.42,0.315,0.115,0.355,0.1895,0.065,0.087,6,1,0
0.44,0.305,0.115,0.379,0.162,0.091,0.11,9,1,0
0.455,0.355,1.13,0.594,0.332,0.116,0.1335,8,0,0
0.46,0.345,0.11,0.4595,0.235,0.0885,0.116,7,0,1
0.465,0.355,0.09,0.4325,0.2005,0.074,0.1275,9,1,0
0.525,0.385,0.1,0.5115,0.246,0.1005,0.1455,8,0,1
0.54,0.385,0.14,0.7655,0.3265,0.116,0.2365,10,0,0
0.58,0.435,0.15,0.839,0.3485,0.207,0.192,7,0,0
0.645,0.495,0.15,1.2095,0.603,0.2225,0.339,9,0,1
0.72,0.585,0.22,1.914,0.9155,0.448,0.479,11,0,1
0.72,0.575,0.215,2.1,0.8565,0.4825,0.602,12,0,0
0.775,0.57,0.22,2.032,0.735,0.4755,0.6585,17,0,1
0.415,0.3,0.1,0.3355,0.1545,0.0685,0.095,7,0,1
0.5,0.39,0.145,0.651,0.273,0.132,0.22,11,0,1
0.41,0.31,0.11,0.315,0.124,0.082,0.095,9,1,0
0.675,0.55,0.18,1.6885,0.562,0.3705,0.6,15,0,0
0.62,0.49,0.17,1.2105,0.5185,0.2555,0.335,13,0,1
0.325,0.25,0.055,0.166,0.076,0.051,0.045,5,1,0
0.455,0.355,0.08,0.452,0.2165,0.0995,0.125,9,1,0
0.29,0.21,0.075,0.275,0.113,0.0675,0.035,6,0,0
0.4,0.31,0.1,0.127,0.106,0.071,0.085,7,1,0
0.59,0.455,0.175,0.966,0.391,0.2455,0.31,10,0,0
0.68,0.53,0.205,1.496,0.5825,0.337,0.465,14,0,1
0.47,0.37,0.105,0.4665,0.2025,0.1015,0.155,10,0,1
0.455,0.35,0.105,0.401,0.1575,0.083,0.135,9,0,1
0.415,0.325,0.115,0.3455,0.1405,0.0765,0.11,9,0,0
0.745,0.585,0.19,1.966,0.8435,0.437,0.5855,18,0,0
0.58,0.46,0.165,1.2275,0.473,0.1965,0.435,16,0,1
0.64,0.51,0.2,1.3905,0.61,0.3315,0.41,12,0,0
0.715,0.565,0.24,2.1995,0.7245,0.465,0.885,17,0,0
0.61,0.45,0.16,1.136,0.414,0.311,0.3,9,0,0
0.37,0.275,0.085,0.2405,0.104,0.0535,0.07,5,0,0
0.335,0.235,0.085,0.1545,0.066,0.0345,0.045,6,0,1
0.595,0.465,0.125,0.799,0.3245,0.2,0.23,10,0,1
0.575,0.45,0.185,0.925,0.342,0.197,0.35,12,0,1
0.595,0.48,0.2,0.975,0.358,0.2035,0.34,15,0,0
0.625,0.42,0.165,1.0595,0.358,0.165,0.445,21,0,0
0.55,0.43,0.16,0.9295,0.317,0.1735,0.355,13,0,1
0.32,0.235,0.08,0.1485,0.064,0.031,0.045,6,1,0
0.445,0.34,0.12,0.4475,0.193,0.1035,0.13,9,0,1
0.52,0.4,0.125,0.6865,0.295,0.1715,0.185,9,0,0
0.495,0.385,0.135,0.6335,0.2,0.1225,0.26,14,0,1
0.47,0.37,0.135,0.547,0.222,0.1325,0.17,12,0,1
0.49,0.37,0.14,0.585,0.243,0.115,0.195,10,0,0
0.645,0.495,0.185,1.4935,0.5265,0.2785,0.455,15,0,1
0.645,0.49,0.215,1.406,0.4265,0.2285,0.51,25,0,0
0.63,0.51,0.23,1.539,0.5635,0.2815,0.57,17,0,1
0.58,0.465,0.175,1.035,0.401,0.1865,0.385,17,0,1
0.505,0.39,0.175,0.692,0.267,0.15,0.215,12,0,0
0.46,0.335,0.11,0.444,0.225,0.0745,0.11,8,1,0
0.465,0.36,0.13,0.5265,0.2105,0.1185,0.165,10,0,1
0.38,0.325,0.11,0.3105,0.12,0.074,0.105,10,0,0
0.645,0.5,0.2,1.4285,0.639,0.305,0.36,11,0,0
0.52,0.38,0.135,0.5825,0.2505,0.1565,0.175,8,0,1
0.495,0.415,0.165,0.7485,0.264,0.134,0.285,13,0,1
0.61,0.48,0.175,1.0675,0.391,0.216,0.42,15,0,0
0.57,0.45,0.16,0.8615,0.3725,0.2175,0.255,12,0,1
0.635,0.51,0.21,1.598,0.6535,0.2835,0.58,15,0,1
0.51,0.405,0.13,0.7175,0.3725,0.158,0.17,9,0,1
0.33,0.265,0.09,0.18,0.068,0.036,0.06,6,1,0
0.34,0.26,0.09,0.179,0.076,0.0525,0.055,6,1,0
0.535,0.45,0.135,0.8075,0.322,0.181,0.25,13,0,0
0.415,0.325,0.1,0.385,0.167,0.08,0.125,7,1,0
0.59,0.49,0.135,1.008,0.422,0.2245,0.285,11,0,1
0.455,0.355,0.13,0.515,0.2,0.1275,0.175,11,0,1
0.435,0.35,0.11,0.384,0.143,0.1005,0.125,13,0,0
0.49,0.395,0.135,0.5545,0.213,0.0925,0.215,14,0,1
0.475,0.395,0.135,0.592,0.2465,0.1645,0.2,13,0,1
0.515,0.42,0.135,0.6295,0.2815,0.127,0.215,9,0,0
0.565,0.48,0.175,0.957,0.3885,0.215,0.275,18,0,0
0.56,0.455,0.165,0.86,0.4015,0.1695,0.245,11,0,1
0.64,0.52,0.2,1.407,0.566,0.304,0.455,17,0,1
0.17,0.125,0.055,0.0235,0.009,0.0055,0.008,6,1,0
0.525,0.43,0.165,0.8645,0.376,0.1945,0.2515,16,0,1
0.515,0.435,0.17,0.631,0.2765,0.111,0.216,12,0,0
0.555,0.44,0.135,0.9025,0.3805,0.2105,0.28,13,0,1
0.575,0.47,0.15,1.1415,0.4515,0.204,0.4,13,0,1
0.6,0.47,0.2,1.031,0.392,0.2035,0.29,15,0,0
0.695,0.57,0.23,1.885,0.8665,0.435,0.5,19,0,1
0.405,0.325,0.11,0.3575,0.145,0.0725,0.11,12,0,0
0.34,0.275,0.09,0.2065,0.0725,0.043,0.07,10,0,1
0.47,0.35,0.135,0.567,0.2315,0.1465,0.1525,11,1,0
0.42,0.34,0.125,0.4495,0.165,0.1125,0.144,11,0,1
0.37,0.29,0.09,0.241,0.11,0.045,0.069,10,0,1
0.33,0.25,0.09,0.197,0.085,0.041,0.0605,10,0,1
0.61,0.475,0.17,1.0385,0.4435,0.241,0.32,14,1,0
0.625,0.465,0.155,0.972,0.404,0.1845,0.35,14,1,0
0.5,0.385,0.155,0.762,0.3795,0.161,0.19,14,1,0
0.555,0.455,0.17,0.8435,0.309,0.1905,0.3,15,1,0
0.655,0.515,0.145,1.25,0.5265,0.283,0.315,15,1,0
0.58,0.46,0.185,1.017,0.3515,0.2,0.32,10,0,0
0.64,0.5,0.15,1.0705,0.371,0.2705,0.36,8,0,0
0.505,0.375,0.115,0.5895,0.2635,0.12,0.167,10,0,0
0.31,0.235,0.06,0.12,0.0415,0.033,0.04,11,0,1
0.35,0.255,0.085,0.2145,0.1,0.0465,0.06,13,0,1
0.52,0.415,0.16,0.595,0.2105,0.142,0.26,15,1,0
0.34,0.255,0.095,0.213,0.081,0.034,0.07,9,0,1
0.52,0.38,0.14,0.525,0.1775,0.115,0.185,11,1,0
0.465,0.38,0.135,0.579,0.208,0.1095,0.22,14,0,0
0.54,0.415,0.17,0.879,0.339,0.208,0.255,10,0,1
0.395,0.305,0.105,0.282,0.0975,0.065,0.096,9,0,1
0.235,0.17,0.065,0.0625,0.023,0.014,0.022,6,1,0
0.585,0.47,0.17,1.099,0.3975,0.2325,0.358,20,0,0
0.445,0.35,0.14,0.5905,0.2025,0.158,0.19,14,0,1
0.5,0.385,0.13,0.768,0.2625,0.095,0.27,13,0,0
0.5,0.39,0.13,0.709,0.275,0.168,0.18,11,0,1
0.51,0.415,0.14,0.8185,0.3025,0.2155,0.235,16,0,1
0.615,0.475,0.17,1.1825,0.474,0.2895,0.24,11,0,1
0.59,0.455,0.165,1.161,0.38,0.2455,0.28,12,0,0
0.57,0.42,0.155,1.008,0.377,0.193,0.34,13,0,1
0.52,0.425,0.145,0.7,0.207,0.1905,0.24,13,0,0
0.46,0.36,0.135,0.6105,0.1955,0.107,0.235,14,0,1
0.49,0.4,0.145,0.6635,0.21,0.1295,0.2515,13,0,0
0.63,0.51,0.185,1.235,0.5115,0.349,0.3065,11,0,0
0.515,0.395,0.165,0.7565,0.1905,0.17,0.3205,10,0,0
0.45,0.36,0.16,0.567,0.174,0.1245,0.225,12,0,1
0.52,0.4,0.13,0.6245,0.215,0.2065,0.17,15,0,0
0.54,0.41,0.145,0.989,0.2815,0.213,0.355,19,0,1
0.285,0.21,0.07,0.109,0.044,0.0265,0.033,5,1,0
0.48,0.37,0.135,0.6315,0.3445,0.1015,0.161,7,0,1
0.59,0.455,0.16,1.09,0.5,0.2215,0.292,9,0,1
0.59,0.48,0.16,1.262,0.5685,0.2725,0.335,9,0,1
0.625,0.49,0.155,1.33,0.6675,0.259,0.33,10,0,0
0.205,0.15,0.065,0.04,0.02,0.011,0.013,4,1,0
0.28,0.22,0.08,0.1315,0.066,0.024,0.03,5,1,0
0.34,0.265,0.07,0.185,0.0625,0.0395,0.07,7,1,0
0.38,0.285,0.085,0.237,0.115,0.0405,0.07,6,1,0
0.45,0.35,0.125,0.4775,0.2235,0.089,0.118,6,1,0
0.45,0.35,0.12,0.468,0.2005,0.1065,0.1325,8,1,0
0.465,0.355,0.11,0.474,0.23,0.1005,0.12,7,1,0
0.465,0.34,0.105,0.486,0.231,0.1035,0.1225,9,0,1
0.5,0.38,0.11,0.494,0.218,0.09,0.1325,7,1,0
0.53,0.405,0.15,0.889,0.4055,0.2275,0.215,8,0,0
0.57,0.445,0.15,0.995,0.504,0.185,0.2505,9,0,0
0.595,0.465,0.15,1.0765,0.491,0.22,0.287,9,0,0
0.595,0.465,0.15,1.0255,0.412,0.2745,0.289,11,0,0
0.615,0.485,0.16,1.1575,0.5005,0.2495,0.315,10,0,0
0.615,0.47,0.155,1.2,0.5085,0.32,0.292,8,0,1
0.62,0.51,0.175,1.2705,0.5415,0.323,0.3225,9,0,0
0.625,0.49,0.175,1.1075,0.4485,0.2165,0.3595,8,0,0
0.635,0.495,0.18,1.596,0.617,0.317,0.37,11,0,0
0.65,0.5,0.185,1.4415,0.741,0.2955,0.341,9,0,0
0.695,0.55,0.155,1.8495,0.767,0.442,0.4175,10,0,0
0.695,0.525,0.175,1.742,0.696,0.389,0.505,12,0,1
0.29,0.21,0.06,0.1045,0.0415,0.022,0.035,5,1,0
0.49,0.375,0.125,0.5445,0.279,0.115,0.13,8,1,0
0.505,0.4,0.135,0.723,0.377,0.149,0.178,7,0,1
0.51,0.395,0.155,0.5395,0.2465,0.1085,0.167,8,1,0
0.515,0.4,0.125,0.5925,0.265,0.1175,0.168,9,1,0
0.545,0.43,0.14,0.832,0.4355,0.17,0.201,9,0,0
0.57,0.45,0.18,0.908,0.4015,0.217,0.255,9,0,0
0.57,0.45,0.135,1.02,0.546,0.204,0.25,9,0,1
0.57,0.43,0.16,0.811,0.3875,0.159,0.2285,9,0,0
0.575,0.48,0.15,0.897,0.4235,0.1905,0.248,8,0,0
0.585,0.45,0.15,0.938,0.467,0.203,0.225,7,0,0
0.59,0.46,0.14,1.004,0.496,0.2165,0.26,9,0,1
0.595,0.46,0.14,0.852,0.4215,0.2255,0.227,9,0,1
0.615,0.475,0.17,1.055,0.543,0.246,0.2345,9,0,0
0.62,0.49,0.155,1.1,0.505,0.2475,0.31,9,0,1
0.625,0.48,0.145,1.085,0.4645,0.2445,0.327,10,0,1
0.65,0.535,0.175,1.2895,0.6095,0.2765,0.344,10,0,0
0.67,0.5,0.2,1.269,0.576,0.2985,0.351,11,0,1
0.68,0.52,0.165,1.4775,0.724,0.279,0.406,11,0,1
0.7,0.55,0.2,1.523,0.693,0.306,0.4405,13,0,1
0.725,0.53,0.19,1.7315,0.83,0.398,0.405,11,0,0
0.735,0.57,0.175,1.88,0.9095,0.387,0.488,11,0,1
0.74,0.575,0.22,2.012,0.8915,0.5265,0.471,12,0,0
0.19,0.14,0.03,0.0315,0.0125,0.005,0.0105,3,1,0
0.21,0.15,0.045,0.04,0.0135,0.008,0.0105,4,1,0
0.25,0.175,0.06,0.0635,0.0275,0.008,0.02,4,1,0
0.36,0.26,0.08,0.1795,0.074,0.0315,0.06,5,1,0
0.375,0.275,0.095,0.2295,0.095,0.0545,0.066,7,1,0
0.395,0.32,0.1,0.3075,0.149,0.0535,0.09,8,1,0
0.4,0.305,0.1,0.3415,0.176,0.0625,0.0865,7,1,0
0.405,0.305,0.1,0.271,0.0965,0.061,0.091,7,1,0
0.42,0.315,0.11,0.4025,0.1855,0.083,0.1015,8,1,0
0.49,0.365,0.125,0.5585,0.252,0.126,0.1615,10,1,0
0.505,0.385,0.125,0.596,0.245,0.097,0.21,9,1,0
0.515,0.395,0.135,0.516,0.2015,0.132,0.162,9,0,0
0.515,0.41,0.14,0.7355,0.3065,0.137,0.2,7,0,1
0.535,0.43,0.155,0.7845,0.3285,0.169,0.245,10,0,1
0.55,0.425,0.145,0.89,0.4325,0.171,0.236,10,1,0
0.56,0.44,0.14,0.825,0.402,0.139,0.245,10,1,0
0.56,0.435,0.135,0.72,0.329,0.103,0.251,11,1,0
0.58,0.425,0.15,0.844,0.3645,0.185,0.2705,9,0,0
0.595,0.475,0.14,1.0305,0.4925,0.217,0.278,10,0,1
0.61,0.45,0.13,0.8725,0.389,0.1715,0.272,11,0,0
0.615,0.46,0.15,1.0265,0.4935,0.201,0.2745,10,0,0
0.625,0.5,0.14,1.096,0.5445,0.2165,0.295,10,0,1
0.64,0.485,0.15,1.098,0.5195,0.222,0.3175,10,0,1
0.65,0.52,0.155,1.368,0.6185,0.288,0.365,9,0,1
0.65,0.51,0.175,1.446,0.6485,0.2705,0.45,12,0,1
0.325,0.24,0.075,0.1525,0.072,0.0645,0.043,6,1,0
0.525,0.43,0.135,0.8435,0.4325,0.18,0.1815,9,0,0
0.6,0.475,0.175,1.11,0.5105,0.256,0.285,9,0,1
0.6,0.45,0.16,1.142,0.539,0.225,0.307,10,0,1
0.605,0.475,0.19,1.1255,0.59,0.247,0.26,10,0,1
0.635,0.51,0.185,1.286,0.526,0.295,0.4105,12,0,0
0.655,0.515,0.155,1.309,0.524,0.346,0.385,11,0,0
0.665,0.515,0.19,1.6385,0.831,0.3575,0.371,11,0,1
0.695,0.54,0.195,1.691,0.768,0.363,0.4755,11,0,1
0.72,0.565,0.18,1.719,0.8465,0.407,0.3875,11,0,0
0.72,0.55,0.18,1.52,0.637,0.325,0.435,10,0,0
0.315,0.235,0.075,0.1285,0.051,0.028,0.0405,4,1,0
0.37,0.28,0.085,0.198,0.0805,0.0455,0.058,5,1,0
0.425,0.34,0.1,0.371,0.15,0.0865,0.115,8,1,0
0.435,0.335,0.095,0.298,0.109,0.058,0.115,7,1,0
0.445,0.31,0.09,0.336,0.1555,0.09,0.0855,7,1,0
0.46,0.36,0.14,0.447,0.161,0.087,0.16,9,1,0
0.475,0.375,0.11,0.494,0.211,0.109,0.1545,8,1,0
0.495,0.375,0.12,0.614,0.2855,0.1365,0.161,8,1,0
0.53,0.405,0.15,0.8315,0.352,0.187,0.2525,10,0,1
0.58,0.445,0.15,0.9525,0.4315,0.1945,0.287,11,0,1
0.59,0.475,0.145,0.9745,0.4675,0.207,0.259,10,1,0
0.6,0.445,0.135,0.9205,0.445,0.2035,0.253,9,1,0
0.605,0.49,0.18,1.167,0.457,0.29,0.3745,9,0,1
0.61,0.48,0.14,1.0625,0.516,0.225,0.2915,11,0,1
0.615,0.495,0.165,1.198,0.5415,0.2865,0.3185,10,0,0
0.63,0.51,0.17,1.1885,0.4915,0.3065,0.348,7,0,1
0.635,0.485,0.18,1.1795,0.4785,0.2775,0.355,10,0,1
0.64,0.505,0.18,1.297,0.59,0.3125,0.363,11,0,1
0.64,0.575,0.175,1.4585,0.625,0.266,0.4395,11,0,1
0.645,0.52,0.17,1.197,0.526,0.2925,0.317,11,0,0
0.65,0.52,0.195,1.676,0.693,0.44,0.47,15,0,1
0.66,0.525,0.16,1.277,0.4975,0.319,0.394,13,0,0
0.67,0.525,0.17,1.4005,0.715,0.3025,0.387,9,0,1
0.67,0.54,0.175,1.482,0.739,0.2925,0.365,10,0,1
0.69,0.515,0.18,1.8445,0.9815,0.4655,0.341,13,0,1
0.485,0.365,0.155,1.029,0.4235,0.2285,0.313,8,0,1
0.49,0.355,0.155,0.981,0.465,0.2015,0.2505,8,0,1
0.535,0.4,0.135,0.775,0.368,0.208,0.2055,8,1,0
0.535,0.405,0.175,1.2705,0.548,0.3265,0.337,13,0,1
0.59,0.44,0.14,1.007,0.4775,0.2105,0.2925,9,0,0
0.595,0.43,0.165,0.9845,0.4525,0.207,0.2725,8,1,0
0.635,0.525,0.18,1.3695,0.634,0.318,0.363,11,0,0
0.7,0.545,0.185,1.6135,0.75,0.4035,0.3685,11,0,1
0.39,0.3,0.1,0.2665,0.1105,0.059,0.084,7,1,0
0.395,0.3,0.09,0.253,0.1155,0.05,0.075,6,1,0
0.475,0.375,0.11,0.456,0.182,0.099,0.16,9,1,0
0.495,0.375,0.115,0.507,0.241,0.103,0.15,8,1,0
0.525,0.4,0.11,0.6275,0.3015,0.126,0.18,8,1,0
0.55,0.445,0.145,0.783,0.3045,0.157,0.265,11,1,0
0.575,0.47,0.15,0.9785,0.4505,0.196,0.276,9,0,1
0.61,0.495,0.16,1.089,0.469,0.198,0.384,11,0,0
0.615,0.49,0.17,1.145,0.4915,0.208,0.343,13,0,1
0.625,0.515,0.155,1.1635,0.4875,0.259,0.355,11,0,0
0.63,0.495,0.18,1.31,0.495,0.295,0.4695,10,0,1
0.635,0.49,0.155,1.145,0.4775,0.3035,0.3155,9,0,0
0.635,0.5,0.18,1.154,0.4405,0.2315,0.387,9,0,1
0.66,0.53,0.18,1.5175,0.7765,0.302,0.401,10,0,0
0.68,0.52,0.185,1.494,0.615,0.3935,0.406,11,0,0
0.68,0.56,0.195,1.664,0.58,0.3855,0.545,11,0,0
0.695,0.535,0.2,1.5855,0.667,0.334,0.471,11,0,0
0.73,0.55,0.205,1.908,0.5415,0.3565,0.5965,14,0,0
0.46,0.355,0.14,0.491,0.207,0.115,0.174,10,0,1
0.51,0.395,0.125,0.5805,0.244,0.1335,0.188,11,0,1
0.525,0.4,0.13,0.622,0.2655,0.147,0.184,9,0,1
0.53,0.395,0.115,0.5685,0.249,0.1375,0.161,9,0,0
0.545,0.435,0.145,0.9385,0.3685,0.1245,0.345,11,0,1
0.375,0.285,0.08,0.226,0.0975,0.04,0.0725,7,1,0
0.395,0.3,0.12,0.2995,0.1265,0.068,0.0895,8,1,0
0.525,0.4,0.13,0.6995,0.3115,0.131,0.223,9,0,0
0.55,0.425,0.14,0.952,0.4895,0.1945,0.2185,7,0,0
0.615,0.495,0.155,1.2865,0.435,0.293,0.3245,11,0,1
0.63,0.495,0.19,1.1655,0.536,0.2115,0.1625,10,0,0
0.685,0.53,0.17,1.5105,0.7385,0.3525,0.3725,10,0,0
0.335,0.26,0.09,0.1835,0.078,0.024,0.065,11,1,0
0.55,0.425,0.16,0.97,0.2885,0.139,0.48,20,0,1
0.625,0.48,0.2,1.3235,0.6075,0.3055,0.355,9,0,0
0.585,0.45,0.15,1.047,0.4315,0.276,0.315,14,0,1
0.645,0.5,0.18,1.2785,0.5345,0.2995,0.345,13,0,0
0.665,0.5,0.175,1.742,0.595,0.3025,0.725,21,0,0
0.55,0.44,0.125,0.765,0.33,0.2125,0.245,9,0,0
0.525,0.405,0.16,0.792,0.316,0.1455,0.28,13,0,1
0.645,0.505,0.165,1.307,0.4335,0.262,0.52,10,0,1
0.565,0.44,0.115,0.9185,0.404,0.1785,0.29,11,0,1
0.47,0.36,0.11,0.4965,0.237,0.127,0.13,6,0,0
0.545,0.405,0.175,0.98,0.2585,0.207,0.38,18,0,0
0.505,0.405,0.16,0.6835,0.271,0.145,0.215,10,0,0
0.335,0.265,0.095,0.1975,0.0795,0.0375,0.07,9,0,1
0.32,0.25,0.08,0.1565,0.057,0.034,0.06,9,1,0
0.6,0.48,0.165,1.1345,0.4535,0.27,0.335,10,0,0
0.585,0.46,0.17,1.0835,0.3745,0.326,0.325,14,0,0
0.62,0.485,0.175,1.271,0.531,0.3075,0.37,11,0,0
0.63,0.51,0.19,1.4985,0.4125,0.3075,0.545,16,0,1
0.42,0.325,0.125,0.3915,0.1575,0.1025,0.115,9,1,0
0.61,0.48,0.19,1.2955,0.5215,0.3225,0.365,12,0,0
0.345,0.285,0.1,0.2225,0.0865,0.058,0.075,8,1,0
0.635,0.51,0.155,1.156,0.428,0.289,0.315,18,0,1
0.69,0.54,0.185,1.5715,0.6935,0.318,0.47,15,0,0
0.655,0.51,0.16,1.092,0.396,0.2825,0.37,14,0,0
0.69,0.555,0.205,1.8165,0.7785,0.4395,0.515,19,0,0
0.61,0.495,0.19,1.213,0.464,0.306,0.365,15,0,0
0.43,0.35,0.105,0.366,0.1705,0.0855,0.11,6,1,0
0.495,0.385,0.135,0.6625,0.3005,0.1635,0.185,11,0,0
0.475,0.375,0.14,0.501,0.192,0.1175,0.175,13,0,0
0.655,0.53,0.19,1.428,0.493,0.318,0.565,18,0,0
0.665,0.57,0.185,1.522,0.6965,0.3025,0.405,13,0,0
0.62,0.51,0.175,1.1255,0.4985,0.227,0.315,14,0,0
0.55,0.46,0.13,0.7085,0.305,0.1455,0.205,12,0,1
0.605,0.475,0.145,1.0185,0.4695,0.225,0.27,15,0,0
0.59,0.45,0.12,0.7485,0.3345,0.1315,0.22,14,0,1
0.605,0.485,0.165,1.0735,0.437,0.205,0.33,14,0,0
0.605,0.485,0.175,1.145,0.4325,0.27,0.405,16,0,1
0.615,0.5,0.205,1.1055,0.4445,0.227,0.39,16,0,0
0.275,0.2,0.08,0.099,0.037,0.024,0.03,5,0,1
0.505,0.41,0.15,0.6345,0.243,0.1335,0.215,17,0,0
0.35,0.26,0.09,0.195,0.0745,0.041,0.0655,9,0,1
0.265,0.2,0.065,0.084,0.034,0.0105,0.03,7,0,1
0.49,0.385,0.14,0.5425,0.198,0.127,0.175,11,1,0
0.345,0.265,0.09,0.163,0.0615,0.037,0.0485,10,0,1
0.635,0.48,0.2,1.3655,0.6255,0.2595,0.425,16,1,0
0.385,0.305,0.125,0.314,0.146,0.0555,0.08,10,0,0
0.51,0.34,0.18,0.7005,0.312,0.165,0.2,11,0,0
0.39,0.3,0.105,0.259,0.0955,0.038,0.085,8,1,0
0.66,0.525,0.18,1.6935,0.6025,0.4005,0.42,15,1,0
0.685,0.525,0.175,1.71,0.5415,0.309,0.58,16,0,0
0.455,0.365,0.11,0.385,0.166,0.046,0.1345,13,0,0
0.48,0.38,0.145,0.59,0.232,0.141,0.23,12,0,0
0.445,0.345,0.13,0.4075,0.1365,0.0645,0.18,11,1,0
0.52,0.405,0.145,0.829,0.3535,0.1685,0.205,15,0,0
0.58,0.44,0.175,1.073,0.4005,0.2345,0.335,19,0,0
0.28,0.21,0.065,0.0905,0.035,0.02,0.03,5,0,1
0.455,0.345,0.125,0.44,0.169,0.1065,0.135,12,0,1
0.475,0.375,0.125,0.588,0.237,0.1715,0.155,10,0,0
0.255,0.19,0.07,0.0815,0.028,0.016,0.031,5,1,0
0.5,0.375,0.13,0.721,0.3055,0.1725,0.22,14,0,1
0.515,0.4,0.125,0.955,0.341,0.2535,0.26,13,0,1
0.56,0.44,0.16,1.1115,0.5035,0.2785,0.26,10,0,1
0.53,0.43,0.135,0.879,0.28,0.2165,0.25,10,0,1
0.34,0.25,0.075,0.1765,0.0785,0.0405,0.05,7,1,0
0.39,0.315,0.09,0.3095,0.147,0.05,0.09,7,1,0
0.56,0.465,0.16,1.0315,0.432,0.2025,0.337,9,0,0
0.59,0.47,0.135,1.1685,0.539,0.279,0.28,8,0,1
0.61,0.47,0.155,1.0325,0.497,0.2175,0.2785,9,0,1
0.63,0.475,0.15,1.172,0.536,0.254,0.316,11,0,0
0.325,0.24,0.075,0.152,0.065,0.0305,0.045,6,1,0
0.35,0.265,0.095,0.199,0.073,0.049,0.06,5,1,0
0.395,0.3,0.09,0.279,0.134,0.049,0.075,8,1,0
0.43,0.335,0.105,0.378,0.188,0.0785,0.09,6,1,0
0.465,0.37,0.1,0.5055,0.234,0.11,0.14,7,1,0
0.55,0.44,0.155,0.9155,0.3645,0.195,0.25,8,0,1
0.555,0.44,0.145,0.8815,0.43,0.1975,0.2155,8,0,0
0.555,0.42,0.11,0.931,0.4445,0.171,0.225,8,0,0
0.6,0.475,0.155,1.1385,0.502,0.2295,0.31,9,0,1
0.61,0.48,0.16,1.234,0.598,0.238,0.315,12,0,0
0.625,0.495,0.16,1.1115,0.4495,0.2825,0.345,11,0,0
0.635,0.495,0.155,1.3635,0.583,0.2985,0.295,10,0,1
0.66,0.525,0.18,1.478,0.5815,0.381,0.372,10,0,1
0.715,0.585,0.23,2.0725,0.8655,0.4095,0.565,10,0,0
0.21,0.15,0.055,0.0455,0.02,0.0065,0.013,4,1,0
0.4,0.315,0.085,0.2675,0.116,0.0585,0.0765,6,1,0
0.435,0.335,0.11,0.411,0.2025,0.0945,0.1,7,1,0
0.53,0.42,0.14,0.627,0.2905,0.1165,0.183,8,0,0
0.55,0.44,0.16,0.985,0.4645,0.201,0.27,8,0,1
0.575,0.44,0.145,0.87,0.3945,0.2195,0.225,8,0,1
0.585,0.45,0.145,0.9835,0.4845,0.242,0.22,9,0,0
0.71,0.57,0.195,1.348,0.8985,0.4435,0.4535,11,0,1
0.33,0.23,0.085,0.1695,0.079,0.026,0.0505,6,1,0
0.365,0.275,0.09,0.2345,0.108,0.051,0.0625,7,1,0
0.4,0.31,0.115,0.314,0.1545,0.0595,0.087,6,1,0
0.4,0.315,0.09,0.33,0.151,0.068,0.08,6,1,0
0.43,0.325,0.105,0.309,0.119,0.08,0.098,6,1,0
0.475,0.355,0.125,0.4865,0.2155,0.1105,0.142,9,1,0
0.515,0.4,0.135,0.636,0.3055,0.1215,0.1855,9,1,0
0.525,0.39,0.105,0.567,0.2875,0.1075,0.16,8,1,0
0.53,0.42,0.13,0.658,0.296,0.1245,0.198,8,1,0
0.575,0.45,0.155,0.886,0.3605,0.211,0.2575,9,0,1
0.58,0.46,0.14,0.8295,0.3915,0.165,0.238,10,1,0
0.595,0.465,0.145,0.7955,0.3425,0.1795,0.2425,10,0,0
0.6,0.47,0.15,0.928,0.4225,0.183,0.275,8,0,1
0.625,0.48,0.16,1.1415,0.5795,0.2145,0.29,9,0,1
0.655,0.53,0.165,1.2835,0.583,0.1255,0.4,8,0,0
0.675,0.515,0.145,1.265,0.6025,0.299,0.325,10,0,1
0.715,0.52,0.18,1.6,0.708,0.3525,0.445,12,0,1
0.175,0.125,0.04,0.028,0.0095,0.008,0.009,4,1,0
0.395,0.3,0.09,0.2855,0.1385,0.0625,0.077,5,1,0
0.545,0.43,0.155,0.8035,0.409,0.144,0.228,7,0,1
0.555,0.405,0.12,0.913,0.4585,0.196,0.2065,9,0,0
0.59,0.465,0.17,1.0425,0.4635,0.24,0.27,10,0,0
0.615,0.495,0.2,1.304,0.5795,0.3115,0.371,14,0,1
0.64,0.5,0.17,1.12,0.4955,0.2645,0.32,12,0,0
0.64,0.5,0.17,1.2645,0.565,0.3375,0.315,9,0,0
0.655,0.455,0.17,1.275,0.583,0.303,0.333,8,0,0
0.655,0.505,0.165,1.27,0.6035,0.262,0.335,10,0,1
0.665,0.5,0.175,1.4355,0.643,0.345,0.37,9,0,0
0.27,0.205,0.05,0.084,0.03,0.0185,0.029,6,1,0
0.3,0.22,0.065,0.1195,0.052,0.0155,0.035,5,1,0
0.435,0.325,0.1,0.342,0.1335,0.0835,0.105,6,1,0
0.47,0.345,0.12,0.3685,0.1525,0.0615,0.125,8,1,0
0.475,0.35,0.125,0.4225,0.1905,0.079,0.1355,9,1,0
0.485,0.365,0.125,0.426,0.163,0.0965,0.151,8,1,0
0.49,0.39,0.12,0.511,0.2205,0.103,0.1745,9,1,0
0.535,0.405,0.14,0.7315,0.336,0.156,0.19,7,0,1
0.55,0.415,0.15,0.7915,0.3535,0.176,0.236,10,1,0
0.555,0.43,0.15,0.783,0.345,0.1755,0.247,9,1,0
0.575,0.44,0.15,0.983,0.486,0.215,0.239,8,1,0
0.585,0.42,0.155,1.034,0.437,0.2225,0.32,11,0,0
0.595,0.47,0.135,0.9365,0.434,0.184,0.287,10,1,0
0.6,0.47,0.16,1.012,0.441,0.2015,0.305,10,0,1
0.615,0.47,0.175,1.242,0.5675,0.287,0.317,11,0,1
0.62,0.5,0.18,1.3915,0.726,0.2795,0.332,11,0,1
0.62,0.48,0.165,1.0855,0.481,0.2575,0.305,10,0,1
0.625,0.485,0.16,1.15,0.5255,0.257,0.3315,11,1,0
0.64,0.5,0.175,1.273,0.5065,0.2925,0.405,13,0,1
0.65,0.525,0.205,1.4275,0.69,0.306,0.4355,13,0,1
0.665,0.54,0.195,1.764,0.8505,0.3615,0.47,11,0,0
0.675,0.51,0.17,1.527,0.809,0.318,0.341,11,0,1
0.685,0.55,0.19,1.885,0.89,0.41,0.4895,10,0,1
0.71,0.555,0.175,2.14,1.2455,0.3725,0.434,11,0,1
0.78,0.6,0.21,2.548,1.1945,0.5745,0.6745,11,0,1
0.235,0.13,0.075,0.1585,0.0685,0.037,0.0465,5,1,0
0.35,0.25,0.1,0.4015,0.1725,0.063,0.1255,7,1,0
0.465,0.36,0.105,0.452,0.22,0.159,0.1035,9,1,0
0.615,0.475,0.15,1.0375,0.476,0.2325,0.283,9,0,1
0.285,0.205,0.07,0.106,0.039,0.0285,0.034,5,1,0
0.475,0.36,0.11,0.452,0.191,0.099,0.13,8,1,0
0.485,0.37,0.14,0.5065,0.2425,0.088,0.1465,8,1,0
0.53,0.425,0.13,0.702,0.2975,0.1395,0.22,9,0,1
0.535,0.4,0.145,0.705,0.3065,0.1365,0.22,10,1,0
0.535,0.45,0.135,0.728,0.2845,0.1845,0.265,9,1,0
0.555,0.46,0.16,0.86,0.3345,0.1935,0.275,10,0,1
0.565,0.43,0.125,0.6545,0.2815,0.139,0.21,9,1,0
0.575,0.45,0.145,0.795,0.364,0.1505,0.26,10,1,0
0.575,0.46,0.15,0.927,0.333,0.207,0.2985,9,0,0
0.58,0.42,0.14,0.701,0.3285,0.102,0.2255,9,1,0
0.645,0.51,0.155,1.129,0.5015,0.24,0.342,10,0,0
0.675,0.54,0.21,1.593,0.686,0.318,0.45,11,0,0
0.695,0.58,0.2,1.8995,0.675,0.478,0.5295,13,0,1
0.305,0.23,0.075,0.1455,0.0595,0.0305,0.05,6,1,0
0.45,0.365,0.115,0.5885,0.318,0.121,0.1325,8,0,0
0.525,0.4,0.125,0.5655,0.2435,0.119,0.175,8,1,0
0.68,0.52,0.175,1.543,0.7525,0.351,0.374,11,0,1
0.335,0.26,0.075,0.22,0.0855,0.04,0.085,6,0,1
0.41,0.325,0.1,0.3555,0.146,0.072,0.105,9,0,1
0.335,0.25,0.095,0.185,0.0795,0.0495,0.055,8,1,0
0.615,0.475,0.145,0.9525,0.3915,0.195,0.32,9,0,0
0.445,0.37,0.125,0.515,0.2495,0.087,0.159,9,0,1
0.675,0.535,0.22,1.604,0.6175,0.4255,0.453,14,0,0
0.32,0.235,0.065,0.1385,0.058,0.0225,0.05,5,1,0
0.525,0.395,0.165,0.782,0.285,0.1405,0.285,19,0,1
0.525,0.43,0.165,0.717,0.289,0.1745,0.195,10,0,0
0.44,0.34,0.135,0.3975,0.1505,0.0945,0.135,8,0,0
0.545,0.44,0.165,0.744,0.2875,0.204,0.25,15,0,1
0.565,0.455,0.13,1.058,0.439,0.2645,0.3,10,0,0
0.29,0.225,0.075,0.152,0.071,0.059,0.045,9,1,0
0.41,0.33,0.105,0.335,0.1525,0.074,0.11,7,1,0
0.76,0.575,0.19,1.829,0.7035,0.386,0.56,14,0,1
0.525,0.43,0.125,0.813,0.3315,0.166,0.1775,12,0,0
0.38,0.27,0.095,0.219,0.0835,0.0515,0.07,6,0,1
0.245,0.18,0.065,0.0635,0.0245,0.0135,0.02,4,0,1
0.455,0.355,0.135,0.4745,0.1865,0.0935,0.168,13,0,1
0.355,0.27,0.1,0.216,0.083,0.037,0.075,10,1,0
0.54,0.4,0.145,0.757,0.315,0.181,0.215,11,1,0
0.375,0.28,0.095,0.2225,0.0875,0.043,0.08,10,0,1
0.725,0.55,0.22,2.0495,0.7735,0.4405,0.655,10,1,0
0.55,0.44,0.165,0.8605,0.312,0.169,0.3,17,1,0
0.49,0.37,0.115,0.541,0.171,0.1175,0.185,11,0,0
0.52,0.41,0.115,0.77,0.263,0.157,0.26,11,0,1
0.53,0.425,0.11,0.739,0.237,0.161,0.295,13,0,1
0.555,0.42,0.145,0.8695,0.3075,0.2575,0.25,14,0,1
0.505,0.39,0.105,0.6555,0.2595,0.18,0.19,11,0,1
0.475,0.365,0.14,0.6175,0.202,0.1445,0.19,16,0,1
0.465,0.39,0.11,0.6355,0.1815,0.157,0.225,13,0,0
0.485,0.385,0.105,0.556,0.296,0.104,0.133,7,0,1
0.555,0.44,0.155,1.016,0.4935,0.1855,0.263,10,0,0
0.27,0.19,0.06,0.099,0.0445,0.017,0.03,5,1,0
0.415,0.315,0.12,0.4015,0.199,0.087,0.097,8,0,1
0.415,0.33,0.1,0.3905,0.1925,0.0755,0.1025,7,1,0
0.45,0.35,0.135,0.494,0.2205,0.0945,0.1405,7,1,0
0.645,0.525,0.17,1.37,0.6135,0.283,0.34,10,0,0
0.665,0.515,0.165,1.3855,0.621,0.302,0.3445,8,0,1
0.67,0.51,0.2,1.5945,0.6705,0.3845,0.4505,10,0,1
0.7,0.6,0.23,2.003,0.8105,0.4045,0.5755,10,0,1
0.185,0.135,0.045,0.032,0.011,0.0065,0.01,4,1,0
0.48,0.35,0.105,0.635,0.352,0.127,0.135,6,1,0
0.585,0.465,0.15,0.98,0.4315,0.2545,0.247,9,0,1
0.62,0.465,0.14,1.011,0.479,0.2385,0.255,8,0,0
0.66,0.485,0.155,1.2275,0.61,0.274,0.3,8,0,1
0.69,0.58,0.195,1.658,0.708,0.3615,0.4715,10,0,0
0.72,0.545,0.195,1.7475,0.8215,0.383,0.4705,11,0,1
0.275,0.2,0.07,0.096,0.037,0.0225,0.03,6,1,0
0.33,0.245,0.065,0.1445,0.058,0.032,0.0505,6,1,0
0.485,0.365,0.09,0.651,0.3165,0.132,0.18,8,1,0
0.495,0.385,0.125,0.5125,0.2075,0.1155,0.172,10,1,0
0.625,0.495,0.16,1.234,0.6335,0.192,0.35,13,0,0
0.625,0.485,0.165,1.2255,0.5075,0.296,0.36,10,0,0
0.635,0.5,0.18,1.2565,0.539,0.292,0.35,10,0,0
0.645,0.5,0.15,1.159,0.4675,0.3355,0.31,9,0,0
0.69,0.535,0.185,1.826,0.797,0.409,0.499,11,0,0
0.695,0.56,0.185,1.7715,0.8195,0.331,0.437,10,0,0
0.63,0.49,0.15,1.1955,0.5845,0.257,0.3,9,0,1
0.41,0.305,0.1,0.2645,0.1,0.0655,0.085,7,1,0
0.455,0.335,0.105,0.4055,0.175,0.092,0.1185,8,1,0
0.48,0.335,0.125,0.524,0.246,0.1095,0.145,7,1,0
0.55,0.435,0.125,0.741,0.348,0.1585,0.206,9,1,0
0.55,0.385,0.13,0.7275,0.343,0.1625,0.19,8,0,1
0.555,0.43,0.125,0.7005,0.3395,0.1355,0.2095,8,1,0
0.57,0.445,0.16,1.0145,0.516,0.164,0.3,10,0,1
0.585,0.51,0.16,1.218,0.639,0.241,0.3,11,0,1
0.6,0.47,0.13,1.0105,0.423,0.219,0.298,9,0,1
0.61,0.365,0.155,1.0765,0.488,0.249,0.27,9,0,1
0.625,0.5,0.18,1.3705,0.645,0.303,0.3705,12,0,1
0.63,0.53,0.175,1.4135,0.667,0.2945,0.3555,13,0,1
0.65,0.495,0.16,1.3105,0.577,0.3315,0.355,9,0,0
0.715,0.565,0.18,1.79,0.844,0.3535,0.5385,9,0,0
0.72,0.59,0.205,1.7495,0.7755,0.4225,0.48,11,0,0
0.57,0.45,0.15,0.9645,0.531,0.189,0.209,9,0,0
0.3,0.215,0.05,0.1185,0.048,0.0225,0.042,4,1,0
0.455,0.35,0.13,0.4725,0.215,0.0745,0.15,9,1,0
0.63,0.505,0.155,1.105,0.492,0.226,0.325,11,0,1
0.635,0.495,0.175,1.2355,0.5205,0.3085,0.347,10,0,0
0.645,0.535,0.19,1.2395,0.468,0.2385,0.424,10,0,0
0.655,0.5,0.22,1.359,0.642,0.3255,0.405,13,0,0
0.695,0.55,0.195,1.6645,0.727,0.36,0.445,11,0,1
0.33,0.23,0.08,0.14,0.0565,0.0365,0.046,7,1,0
0.48,0.355,0.11,0.4495,0.201,0.089,0.14,8,1,0
0.56,0.44,0.135,0.8025,0.35,0.1615,0.259,9,0,0
0.55,0.43,0.13,0.8395,0.3155,0.1955,0.2405,10,0,1
0.625,0.485,0.15,1.0945,0.531,0.261,0.296,10,0,0
